--
-- PostgreSQL database dump
--

-- Dumped from database version 15.3
-- Dumped by pg_dump version 15.4 (Debian 15.4-1.pgdg120+1)

SET statement_timeout = 0;
SET lock_timeout = 0;
SET idle_in_transaction_session_timeout = 0;
SET client_encoding = 'UTF8';
SET standard_conforming_strings = on;
SELECT pg_catalog.set_config('search_path', '', false);
SET check_function_bodies = false;
SET xmloption = content;
SET client_min_messages = warning;
SET row_security = off;

--
-- Name: public; Type: SCHEMA; Schema: -; Owner: azure_pg_admin
--

CREATE SCHEMA public;


ALTER SCHEMA public OWNER TO azure_pg_admin;

--
-- Name: SCHEMA public; Type: COMMENT; Schema: -; Owner: azure_pg_admin
--

COMMENT ON SCHEMA public IS 'standard public schema';


SET default_tablespace = '';

SET default_table_access_method = heap;

--
-- Name: AspNetRoleClaims; Type: TABLE; Schema: public; Owner: bcml
--

CREATE TABLE public."AspNetRoleClaims" (
    "Id" integer NOT NULL,
    "RoleId" text NOT NULL,
    "ClaimType" text,
    "ClaimValue" text
);


ALTER TABLE public."AspNetRoleClaims" OWNER TO bcml;

--
-- Name: AspNetRoleClaims_Id_seq; Type: SEQUENCE; Schema: public; Owner: bcml
--

ALTER TABLE public."AspNetRoleClaims" ALTER COLUMN "Id" ADD GENERATED BY DEFAULT AS IDENTITY (
    SEQUENCE NAME public."AspNetRoleClaims_Id_seq"
    START WITH 1
    INCREMENT BY 1
    NO MINVALUE
    NO MAXVALUE
    CACHE 1
);


--
-- Name: AspNetRoles; Type: TABLE; Schema: public; Owner: bcml
--

CREATE TABLE public."AspNetRoles" (
    "Id" text NOT NULL,
    "Name" character varying(256),
    "NormalizedName" character varying(256),
    "ConcurrencyStamp" text
);


ALTER TABLE public."AspNetRoles" OWNER TO bcml;

--
-- Name: AspNetUserClaims; Type: TABLE; Schema: public; Owner: bcml
--

CREATE TABLE public."AspNetUserClaims" (
    "Id" integer NOT NULL,
    "UserId" text NOT NULL,
    "ClaimType" text,
    "ClaimValue" text
);


ALTER TABLE public."AspNetUserClaims" OWNER TO bcml;

--
-- Name: AspNetUserClaims_Id_seq; Type: SEQUENCE; Schema: public; Owner: bcml
--

ALTER TABLE public."AspNetUserClaims" ALTER COLUMN "Id" ADD GENERATED BY DEFAULT AS IDENTITY (
    SEQUENCE NAME public."AspNetUserClaims_Id_seq"
    START WITH 1
    INCREMENT BY 1
    NO MINVALUE
    NO MAXVALUE
    CACHE 1
);


--
-- Name: AspNetUserLogins; Type: TABLE; Schema: public; Owner: bcml
--

CREATE TABLE public."AspNetUserLogins" (
    "LoginProvider" text NOT NULL,
    "ProviderKey" text NOT NULL,
    "ProviderDisplayName" text,
    "UserId" text NOT NULL
);


ALTER TABLE public."AspNetUserLogins" OWNER TO bcml;

--
-- Name: AspNetUserRoles; Type: TABLE; Schema: public; Owner: bcml
--

CREATE TABLE public."AspNetUserRoles" (
    "UserId" text NOT NULL,
    "RoleId" text NOT NULL
);


ALTER TABLE public."AspNetUserRoles" OWNER TO bcml;

--
-- Name: AspNetUserTokens; Type: TABLE; Schema: public; Owner: bcml
--

CREATE TABLE public."AspNetUserTokens" (
    "UserId" text NOT NULL,
    "LoginProvider" text NOT NULL,
    "Name" text NOT NULL,
    "Value" text
);


ALTER TABLE public."AspNetUserTokens" OWNER TO bcml;

--
-- Name: AspNetUsers; Type: TABLE; Schema: public; Owner: bcml
--

CREATE TABLE public."AspNetUsers" (
    "Id" text NOT NULL,
    "UserName" character varying(256),
    "NormalizedUserName" character varying(256),
    "Email" character varying(256),
    "NormalizedEmail" character varying(256),
    "EmailConfirmed" boolean NOT NULL,
    "PasswordHash" text,
    "SecurityStamp" text,
    "ConcurrencyStamp" text,
    "PhoneNumber" text,
    "PhoneNumberConfirmed" boolean NOT NULL,
    "TwoFactorEnabled" boolean NOT NULL,
    "LockoutEnd" timestamp with time zone,
    "LockoutEnabled" boolean NOT NULL,
    "AccessFailedCount" integer NOT NULL
);


ALTER TABLE public."AspNetUsers" OWNER TO bcml;

--
-- Name: __EFMigrationsHistory; Type: TABLE; Schema: public; Owner: bcml
--

CREATE TABLE public."__EFMigrationsHistory" (
    "MigrationId" character varying(150) NOT NULL,
    "ProductVersion" character varying(32) NOT NULL
);


ALTER TABLE public."__EFMigrationsHistory" OWNER TO bcml;

--
-- Name: cart; Type: TABLE; Schema: public; Owner: bcml
--

CREATE TABLE public.cart (
    id integer NOT NULL,
    customer_id integer,
    restaurant_id integer
);


ALTER TABLE public.cart OWNER TO bcml;

--
-- Name: cart_id_seq; Type: SEQUENCE; Schema: public; Owner: bcml
--

CREATE SEQUENCE public.cart_id_seq
    AS integer
    START WITH 1
    INCREMENT BY 1
    NO MINVALUE
    NO MAXVALUE
    CACHE 1;


ALTER TABLE public.cart_id_seq OWNER TO bcml;

--
-- Name: cart_id_seq; Type: SEQUENCE OWNED BY; Schema: public; Owner: bcml
--

ALTER SEQUENCE public.cart_id_seq OWNED BY public.cart.id;


--
-- Name: cart_item; Type: TABLE; Schema: public; Owner: bcml
--

CREATE TABLE public.cart_item (
    id integer NOT NULL,
    cart_id integer,
    item_id integer,
    actual_price money,
    quantity integer
);


ALTER TABLE public.cart_item OWNER TO bcml;

--
-- Name: cart_item_id_seq; Type: SEQUENCE; Schema: public; Owner: bcml
--

CREATE SEQUENCE public.cart_item_id_seq
    AS integer
    START WITH 1
    INCREMENT BY 1
    NO MINVALUE
    NO MAXVALUE
    CACHE 1;


ALTER TABLE public.cart_item_id_seq OWNER TO bcml;

--
-- Name: cart_item_id_seq; Type: SEQUENCE OWNED BY; Schema: public; Owner: bcml
--

ALTER SEQUENCE public.cart_item_id_seq OWNED BY public.cart_item.id;


--
-- Name: coupon; Type: TABLE; Schema: public; Owner: bcml
--

CREATE TABLE public.coupon (
    id integer NOT NULL,
    code character varying(10) NOT NULL,
    start_date date NOT NULL,
    end_date date NOT NULL,
    discount money NOT NULL,
    description text
);


ALTER TABLE public.coupon OWNER TO bcml;

--
-- Name: COLUMN coupon.discount; Type: COMMENT; Schema: public; Owner: bcml
--

COMMENT ON COLUMN public.coupon.discount IS 'Dollars off, not percent';


--
-- Name: coupon_id_seq; Type: SEQUENCE; Schema: public; Owner: bcml
--

CREATE SEQUENCE public.coupon_id_seq
    AS integer
    START WITH 1
    INCREMENT BY 1
    NO MINVALUE
    NO MAXVALUE
    CACHE 1;


ALTER TABLE public.coupon_id_seq OWNER TO bcml;

--
-- Name: coupon_id_seq; Type: SEQUENCE OWNED BY; Schema: public; Owner: bcml
--

ALTER SEQUENCE public.coupon_id_seq OWNED BY public.coupon.id;


--
-- Name: customer; Type: TABLE; Schema: public; Owner: bcml
--

CREATE TABLE public.customer (
    id integer NOT NULL,
    user_id text NOT NULL,
    points integer
);


ALTER TABLE public.customer OWNER TO bcml;

--
-- Name: customer_id_seq; Type: SEQUENCE; Schema: public; Owner: bcml
--

CREATE SEQUENCE public.customer_id_seq
    AS integer
    START WITH 1
    INCREMENT BY 1
    NO MINVALUE
    NO MAXVALUE
    CACHE 1;


ALTER TABLE public.customer_id_seq OWNER TO bcml;

--
-- Name: customer_id_seq; Type: SEQUENCE OWNED BY; Schema: public; Owner: bcml
--

ALTER SEQUENCE public.customer_id_seq OWNED BY public.customer.id;


--
-- Name: favorite_item; Type: TABLE; Schema: public; Owner: bcml
--

CREATE TABLE public.favorite_item (
    id integer NOT NULL,
    item_id integer NOT NULL,
    customer_id integer NOT NULL
);


ALTER TABLE public.favorite_item OWNER TO bcml;

--
-- Name: favorite_item_id_seq; Type: SEQUENCE; Schema: public; Owner: bcml
--

CREATE SEQUENCE public.favorite_item_id_seq
    AS integer
    START WITH 1
    INCREMENT BY 1
    NO MINVALUE
    NO MAXVALUE
    CACHE 1;


ALTER TABLE public.favorite_item_id_seq OWNER TO bcml;

--
-- Name: favorite_item_id_seq; Type: SEQUENCE OWNED BY; Schema: public; Owner: bcml
--

ALTER SEQUENCE public.favorite_item_id_seq OWNED BY public.favorite_item.id;


--
-- Name: item; Type: TABLE; Schema: public; Owner: bcml
--

CREATE TABLE public.item (
    id integer NOT NULL,
    item_name character varying(50) NOT NULL,
    description text,
    image character varying(60) DEFAULT 'default.png'::character varying NOT NULL,
    ingredients character varying
);


ALTER TABLE public.item OWNER TO bcml;

--
-- Name: item_id_seq; Type: SEQUENCE; Schema: public; Owner: bcml
--

CREATE SEQUENCE public.item_id_seq
    AS integer
    START WITH 1
    INCREMENT BY 1
    NO MINVALUE
    NO MAXVALUE
    CACHE 1;


ALTER TABLE public.item_id_seq OWNER TO bcml;

--
-- Name: item_id_seq; Type: SEQUENCE OWNED BY; Schema: public; Owner: bcml
--

ALTER SEQUENCE public.item_id_seq OWNED BY public.item.id;


--
-- Name: purchase; Type: TABLE; Schema: public; Owner: bcml
--

CREATE TABLE public.purchase (
    id integer NOT NULL,
    tax_rate numeric(3,3) DEFAULT 0.073,
    coupon_id integer,
    customer_id integer,
    purchase_date date NOT NULL,
    restaurant_id integer
);


ALTER TABLE public.purchase OWNER TO bcml;

--
-- Name: purchase_id_seq; Type: SEQUENCE; Schema: public; Owner: bcml
--

CREATE SEQUENCE public.purchase_id_seq
    AS integer
    START WITH 1
    INCREMENT BY 1
    NO MINVALUE
    NO MAXVALUE
    CACHE 1;


ALTER TABLE public.purchase_id_seq OWNER TO bcml;

--
-- Name: purchase_id_seq; Type: SEQUENCE OWNED BY; Schema: public; Owner: bcml
--

ALTER SEQUENCE public.purchase_id_seq OWNED BY public.purchase.id;


--
-- Name: purchase_item; Type: TABLE; Schema: public; Owner: bcml
--

CREATE TABLE public.purchase_item (
    id integer NOT NULL,
    purchase_id integer NOT NULL,
    item_id integer NOT NULL,
    quantity integer NOT NULL,
    actualprice money,
    CONSTRAINT purchase_item_quantity_check CHECK ((quantity > 0))
);


ALTER TABLE public.purchase_item OWNER TO bcml;

--
-- Name: purchase_item_id_seq; Type: SEQUENCE; Schema: public; Owner: bcml
--

CREATE SEQUENCE public.purchase_item_id_seq
    AS integer
    START WITH 1
    INCREMENT BY 1
    NO MINVALUE
    NO MAXVALUE
    CACHE 1;


ALTER TABLE public.purchase_item_id_seq OWNER TO bcml;

--
-- Name: purchase_item_id_seq; Type: SEQUENCE OWNED BY; Schema: public; Owner: bcml
--

ALTER SEQUENCE public.purchase_item_id_seq OWNED BY public.purchase_item.id;


--
-- Name: purchase_transaction; Type: TABLE; Schema: public; Owner: bcml
--

CREATE TABLE public.purchase_transaction (
    id integer NOT NULL,
    purchase_id integer NOT NULL,
    got_paid boolean DEFAULT false,
    credit_card_number character(16) NOT NULL,
    amount_paid money NOT NULL
);


ALTER TABLE public.purchase_transaction OWNER TO bcml;

--
-- Name: purchase_transaction_id_seq; Type: SEQUENCE; Schema: public; Owner: bcml
--

CREATE SEQUENCE public.purchase_transaction_id_seq
    AS integer
    START WITH 1
    INCREMENT BY 1
    NO MINVALUE
    NO MAXVALUE
    CACHE 1;


ALTER TABLE public.purchase_transaction_id_seq OWNER TO bcml;

--
-- Name: purchase_transaction_id_seq; Type: SEQUENCE OWNED BY; Schema: public; Owner: bcml
--

ALTER SEQUENCE public.purchase_transaction_id_seq OWNED BY public.purchase_transaction.id;


--
-- Name: restaurant; Type: TABLE; Schema: public; Owner: bcml
--

CREATE TABLE public.restaurant (
    id integer NOT NULL,
    restaurant_name character varying(50) NOT NULL,
    country character varying(60) NOT NULL,
    state character varying(60),
    city character varying(60),
    address character varying(60) NOT NULL
);


ALTER TABLE public.restaurant OWNER TO bcml;

--
-- Name: restaurant_id_seq; Type: SEQUENCE; Schema: public; Owner: bcml
--

CREATE SEQUENCE public.restaurant_id_seq
    AS integer
    START WITH 1
    INCREMENT BY 1
    NO MINVALUE
    NO MAXVALUE
    CACHE 1;


ALTER TABLE public.restaurant_id_seq OWNER TO bcml;

--
-- Name: restaurant_id_seq; Type: SEQUENCE OWNED BY; Schema: public; Owner: bcml
--

ALTER SEQUENCE public.restaurant_id_seq OWNED BY public.restaurant.id;


--
-- Name: restaurant_item; Type: TABLE; Schema: public; Owner: bcml
--

CREATE TABLE public.restaurant_item (
    id integer NOT NULL,
    item_id integer NOT NULL,
    restaurant_id integer NOT NULL,
    price money NOT NULL
);


ALTER TABLE public.restaurant_item OWNER TO bcml;

--
-- Name: restaurant_item_id_seq; Type: SEQUENCE; Schema: public; Owner: bcml
--

CREATE SEQUENCE public.restaurant_item_id_seq
    AS integer
    START WITH 1
    INCREMENT BY 1
    NO MINVALUE
    NO MAXVALUE
    CACHE 1;


ALTER TABLE public.restaurant_item_id_seq OWNER TO bcml;

--
-- Name: restaurant_item_id_seq; Type: SEQUENCE OWNED BY; Schema: public; Owner: bcml
--

ALTER SEQUENCE public.restaurant_item_id_seq OWNED BY public.restaurant_item.id;


--
-- Name: cart id; Type: DEFAULT; Schema: public; Owner: bcml
--

ALTER TABLE ONLY public.cart ALTER COLUMN id SET DEFAULT nextval('public.cart_id_seq'::regclass);


--
-- Name: cart_item id; Type: DEFAULT; Schema: public; Owner: bcml
--

ALTER TABLE ONLY public.cart_item ALTER COLUMN id SET DEFAULT nextval('public.cart_item_id_seq'::regclass);


--
-- Name: coupon id; Type: DEFAULT; Schema: public; Owner: bcml
--

ALTER TABLE ONLY public.coupon ALTER COLUMN id SET DEFAULT nextval('public.coupon_id_seq'::regclass);


--
-- Name: customer id; Type: DEFAULT; Schema: public; Owner: bcml
--

ALTER TABLE ONLY public.customer ALTER COLUMN id SET DEFAULT nextval('public.customer_id_seq'::regclass);


--
-- Name: favorite_item id; Type: DEFAULT; Schema: public; Owner: bcml
--

ALTER TABLE ONLY public.favorite_item ALTER COLUMN id SET DEFAULT nextval('public.favorite_item_id_seq'::regclass);


--
-- Name: item id; Type: DEFAULT; Schema: public; Owner: bcml
--

ALTER TABLE ONLY public.item ALTER COLUMN id SET DEFAULT nextval('public.item_id_seq'::regclass);


--
-- Name: purchase id; Type: DEFAULT; Schema: public; Owner: bcml
--

ALTER TABLE ONLY public.purchase ALTER COLUMN id SET DEFAULT nextval('public.purchase_id_seq'::regclass);


--
-- Name: purchase_item id; Type: DEFAULT; Schema: public; Owner: bcml
--

ALTER TABLE ONLY public.purchase_item ALTER COLUMN id SET DEFAULT nextval('public.purchase_item_id_seq'::regclass);


--
-- Name: purchase_transaction id; Type: DEFAULT; Schema: public; Owner: bcml
--

ALTER TABLE ONLY public.purchase_transaction ALTER COLUMN id SET DEFAULT nextval('public.purchase_transaction_id_seq'::regclass);


--
-- Name: restaurant id; Type: DEFAULT; Schema: public; Owner: bcml
--

ALTER TABLE ONLY public.restaurant ALTER COLUMN id SET DEFAULT nextval('public.restaurant_id_seq'::regclass);


--
-- Name: restaurant_item id; Type: DEFAULT; Schema: public; Owner: bcml
--

ALTER TABLE ONLY public.restaurant_item ALTER COLUMN id SET DEFAULT nextval('public.restaurant_item_id_seq'::regclass);


--
-- Data for Name: AspNetRoleClaims; Type: TABLE DATA; Schema: public; Owner: bcml
--

COPY public."AspNetRoleClaims" ("Id", "RoleId", "ClaimType", "ClaimValue") FROM stdin;
\.


--
-- Data for Name: AspNetRoles; Type: TABLE DATA; Schema: public; Owner: bcml
--

COPY public."AspNetRoles" ("Id", "Name", "NormalizedName", "ConcurrencyStamp") FROM stdin;
929dbadc-aaac-494e-a664-862fade7346f	admins	ADMINS	\N
\.


--
-- Data for Name: AspNetUserClaims; Type: TABLE DATA; Schema: public; Owner: bcml
--

COPY public."AspNetUserClaims" ("Id", "UserId", "ClaimType", "ClaimValue") FROM stdin;
\.


--
-- Data for Name: AspNetUserLogins; Type: TABLE DATA; Schema: public; Owner: bcml
--

COPY public."AspNetUserLogins" ("LoginProvider", "ProviderKey", "ProviderDisplayName", "UserId") FROM stdin;
Google	107241889370638546888	Google	55c5b990-8a70-4d5f-b080-f2baa9df5708
Google	107875762567708427144	Google	b6592697-d3fe-4087-b4bb-806aef4daebe
\.


--
-- Data for Name: AspNetUserRoles; Type: TABLE DATA; Schema: public; Owner: bcml
--

COPY public."AspNetUserRoles" ("UserId", "RoleId") FROM stdin;
3f78f894-f061-4f63-87f2-5f357b907bdc	929dbadc-aaac-494e-a664-862fade7346f
\.


--
-- Data for Name: AspNetUserTokens; Type: TABLE DATA; Schema: public; Owner: bcml
--

COPY public."AspNetUserTokens" ("UserId", "LoginProvider", "Name", "Value") FROM stdin;
\.


--
-- Data for Name: AspNetUsers; Type: TABLE DATA; Schema: public; Owner: bcml
--

COPY public."AspNetUsers" ("Id", "UserName", "NormalizedUserName", "Email", "NormalizedEmail", "EmailConfirmed", "PasswordHash", "SecurityStamp", "ConcurrencyStamp", "PhoneNumber", "PhoneNumberConfirmed", "TwoFactorEnabled", "LockoutEnd", "LockoutEnabled", "AccessFailedCount") FROM stdin;
3f78f894-f061-4f63-87f2-5f357b907bdc	admin@snow.edu	ADMIN@SNOW.EDU	admin@snow.edu	ADMIN@SNOW.EDU	t	AQAAAAIAAYagAAAAEGItiHqN3ZkcQpPd0HlG7WkKpGY0QwWhFYIeR+8nNPwITD0x0iBNIryAEIpzySjzPg==	T2SANSBIWB5PFP2DYKAQBTNSB64AC47B	f4b9bd9f-2da5-4129-80dd-fd963fbcd363	\N	f	f	\N	t	0
a30a1e39-1710-44ca-a420-c1af6dd7b2ba	employee1@snow.edu	EMPLOYEE1@SNOW.EDU	employee1@snow.edu	EMPLOYEE1@SNOW.EDU	t	AQAAAAIAAYagAAAAECD6SkYiQkiOYYNwMnIppn1/MOmzqALBZk7KYXQ06l7laFr92XxNfTpWJSWNWABwLg==	HUV64IFF2SYPGKOG4DBOVB56AWJNMEZ3	277a680b-c1cb-400c-abd0-754909ca6671	\N	f	f	\N	t	0
c9c0229f-7086-4972-bf45-eb132c58c527	employee2@snow.edu	EMPLOYEE2@SNOW.EDU	employee2@snow.edu	EMPLOYEE2@SNOW.EDU	t	AQAAAAIAAYagAAAAEOXDqD0CsKT4ZUMB0lAo3pWZjk5ffkl9DSR48Ax8qBuyEzNmagDOCgqBHYQZkX9qjw==	VVXN2X2J55PYE7GZCXC6FRZ4PFNAFRMM	e5d07235-bdb1-4e1a-bc7b-430532533724	\N	f	f	\N	t	0
891c7faa-27d6-4b0c-ace1-d8aa8a2b7360	LeselMeminger@gmail.com	LESELMEMINGER@GMAIL.COM	LeselMeminger@gmail.com	LESELMEMINGER@GMAIL.COM	f	AQAAAAIAAYagAAAAEBKluZow3obYXtSA/lNWbCFeyMIAtKkW9jdj+baQRhtQuLvUudbkdrhRk12f2oiKGA==	UB4ZH53YKNOZWIUJTCDBS5FXVITKRJBR	b8055ca6-35f9-40b0-9d33-07da08058ac1	\N	f	f	\N	t	0
13fe59df-f954-4781-8862-f8375a6c67b0	RudySteiner@gmail.com	RUDYSTEINER@GMAIL.COM	RudySteiner@gmail.com	RUDYSTEINER@GMAIL.COM	f	AQAAAAIAAYagAAAAECqLXZLTXO8Qrt9DNcOuOeFIK8DXkyzfd41+QkxYoF2cqX8MGQaS5bfDhbt0Xg8Xow==	CQDKZ3HBHUKTDBXM6Q6UNR3RSITTW47A	69dac242-8513-4b81-82a6-e1460c75086c	\N	f	f	\N	t	0
5972f1c6-6825-4a4a-9725-8850c78de275	RosaHubermann@gmail.com	ROSAHUBERMANN@GMAIL.COM	RosaHubermann@gmail.com	ROSAHUBERMANN@GMAIL.COM	t	AQAAAAIAAYagAAAAED+tKuC0MH/Oi2Mr10sn/br6ZK4OpFu5Cb83mbEbIYX3oz/ZKVXlPlmAV2ZgueyoHQ==	NCESHJDYYPCVCKFDNZUS633TQ3CWUIC3	674820e4-ba72-403b-aeac-d4be907240bf	\N	f	f	\N	t	0
e9497c63-3f4b-457a-bec3-6ea7bc5b73a7	HansHubermann@gmail.com	HANSHUBERMANN@GMAIL.COM	HansHubermann@gmail.com	HANSHUBERMANN@GMAIL.COM	f	AQAAAAIAAYagAAAAEL/KpZ7pH265o3oP8fVrvyDgVQntOxl1/QHb4Nq1WgedYdbClDXtQStzjhZz/55Icw==	YM4O4GVFVYPMR22TCZX3E3MS4VKRT4V2	6df802f5-3526-470f-8987-2805e45b3c3c	\N	f	f	\N	t	0
003c3ee1-5057-4c46-8394-e10c2430a050	MaxVandenburg@gmail.com	MAXVANDENBURG@GMAIL.COM	MaxVandenburg@gmail.com	MAXVANDENBURG@GMAIL.COM	f	AQAAAAIAAYagAAAAEJabFo4OdZQrwWKySXS/xjUC0l23mQ0l1Kvvy+wMqKq5n5sLjk/+qdICgNjKZJ1yuw==	BNHLENONB7TAWJEOU6AP4QJSVHHTJE2K	80815643-a5a8-47a5-a2ac-be38922399f8	\N	f	f	\N	t	0
c6ab6962-da94-4b82-b0f1-be593ccd23dc	YourMom@gmail.com	YOURMOM@GMAIL.COM	YourMom@gmail.com	YOURMOM@GMAIL.COM	t	AQAAAAIAAYagAAAAEKoF7fvCWpzPMol+0ROMr4RoBJZOhtaIi5rwJgaa7qdLBSeHK8dwjsZvHdeWg+3aoQ==	6PUHRBP6LJMF74Q4ZSMNTJMFP44NORVS	cb9ab725-12ee-49cd-9cf6-afd031988a69	\N	f	f	\N	t	0
b37975f8-4870-4ce3-b820-22afe861133b	YourDad@gmail.com	YOURDAD@GMAIL.COM	YourDad@gmail.com	YOURDAD@GMAIL.COM	f	AQAAAAIAAYagAAAAEGuAn8EWDxcUigu3C38DD/wr6sKVqdRQ3wqJ46ozDoGOYIyylT6snALZ+C2BNv1xYg==	HJW465ZWNVNHKGOLMLJ7KM42Z7QBAM46	adc51709-c6a9-4761-ba17-3ebbddfb8290	\N	f	f	\N	t	0
63d6a0d0-8b9d-4da7-9949-603f2fcdc22a	Solis@gmail.com	SOLIS@GMAIL.COM	Solis@gmail.com	SOLIS@GMAIL.COM	t	AQAAAAIAAYagAAAAEKwRiTBrmtHf519tuBRkSVLR7aLL8N6YlQCpMnB5AB1pxTiyRAlSVrdasrlJK9BiIg==	5N2MF7UZIHP3OEVAFBNKJJKLPB74BQZG	ef66eab7-f1b2-418f-aa96-5e68c84c8906	\N	f	f	\N	t	0
55c5b990-8a70-4d5f-b080-f2baa9df5708	cortlyndcox@gmail.com	CORTLYNDCOX@GMAIL.COM	cortlyndcox@gmail.com	CORTLYNDCOX@GMAIL.COM	t	\N	RKSM6FJQGGRCZYQ7KPHK4XJH62IHAUUN	2bbe87bb-1c62-4118-8dd5-daee45817f8c	\N	f	f	\N	t	0
b6592697-d3fe-4087-b4bb-806aef4daebe	bensonbird2@gmail.com	BENSONBIRD2@GMAIL.COM	bensonbird2@gmail.com	BENSONBIRD2@GMAIL.COM	t	\N	BW5LYE5BIS4EDURE6RXZHDWDG4TKMI2L	5202667d-ce8e-4c52-8ee5-c1ea0f9d0434	\N	f	f	\N	t	0
\.


--
-- Data for Name: __EFMigrationsHistory; Type: TABLE DATA; Schema: public; Owner: bcml
--

COPY public."__EFMigrationsHistory" ("MigrationId", "ProductVersion") FROM stdin;
20231109165523_Initial	7.0.13
\.


--
-- Data for Name: cart; Type: TABLE DATA; Schema: public; Owner: bcml
--

COPY public.cart (id, customer_id, restaurant_id) FROM stdin;
\.


--
-- Data for Name: cart_item; Type: TABLE DATA; Schema: public; Owner: bcml
--

COPY public.cart_item (id, cart_id, item_id, actual_price, quantity) FROM stdin;
\.


--
-- Data for Name: coupon; Type: TABLE DATA; Schema: public; Owner: bcml
--

COPY public.coupon (id, code, start_date, end_date, discount, description) FROM stdin;
1	AABBCCDDE	2022-09-11	2022-11-10	$20.00	20 off sale
2	BENSON	2022-12-16	2023-02-12	$100.00	Manager
3	benson	2023-01-27	2023-03-21	$50.00	Owner
4	12seasfg	2022-05-23	2022-07-09	$12.00	12 off 
5	34mh34	2023-03-08	2023-05-15	$50.00	whitneys birthda
6	356345	2022-11-07	2023-01-08	$35.00	Summer sale
7	huiuhu3	2022-06-01	2022-08-14	$3.00	Winter Sale
8	345k3nk	2022-10-13	2022-11-05	$45.00	Birthdays in July
9	half	2022-07-23	2022-08-20	$75.00	Baby showers
10	bFriday	2022-01-20	2022-04-03	$15.00	half off TVs
11	cmonday	2023-01-06	2023-02-16	$15.00	cyber Monday
12	mommy	2022-07-26	2022-10-05	$200.00	My mom
\.


--
-- Data for Name: customer; Type: TABLE DATA; Schema: public; Owner: bcml
--

COPY public.customer (id, user_id, points) FROM stdin;
1	3f78f894-f061-4f63-87f2-5f357b907bdc	10
2	a30a1e39-1710-44ca-a420-c1af6dd7b2ba	102
3	c9c0229f-7086-4972-bf45-eb132c58c527	34
4	891c7faa-27d6-4b0c-ace1-d8aa8a2b7360	54
5	13fe59df-f954-4781-8862-f8375a6c67b0	39
6	5972f1c6-6825-4a4a-9725-8850c78de275	111
7	e9497c63-3f4b-457a-bec3-6ea7bc5b73a7	108
8	003c3ee1-5057-4c46-8394-e10c2430a050	59
9	c6ab6962-da94-4b82-b0f1-be593ccd23dc	28
10	b37975f8-4870-4ce3-b820-22afe861133b	32
\.


--
-- Data for Name: favorite_item; Type: TABLE DATA; Schema: public; Owner: bcml
--

COPY public.favorite_item (id, item_id, customer_id) FROM stdin;
1	8	1
2	12	2
3	4	3
4	1	4
5	9	5
6	11	6
7	3	7
8	9	8
9	7	9
10	5	10
\.


--
-- Data for Name: item; Type: TABLE DATA; Schema: public; Owner: bcml
--

COPY public.item (id, item_name, description, image, ingredients) FROM stdin;
1	Chicken Salad	Hand tossed	chickensalad.png	Chicken | Veggies
2	Salmon	Grilled	salmon.png	Salmon
3	Fish and Chips	Hand made	fishandchips.png	Fish | French Fries
4	Chili	Home made chili	chili.png	Beans | Cheese
5	Red Delicious Apples	10 Red Delicious Apples	reddeliciousapple.png	Apples
6	Protein shake	20 grams of protein	proteinshake.png	Protein | Milk
7	Ceasar salad	Low fat dressing	ceasarsalad.png	Lettuce | Ceasar Dressing
8	Not yo mommas Salad	Bacon, avacodo, lettuce and so much more	notyomommassalad.png	Bacon | Avacado | Lettuce
9	Bana split	At least it has a banana in it	banasplit.png	Banana | Vanilla Ice Cream
10	Fruit salad	Hand tossed, sweet but savorty	fruitsalad.png	Grapes | Strawberries
11	Fruit bowl	Strawberries, Rasberries, and grapes	fruitbowl.png	Strawberries | Raspberries | Grapes
12	Steak	However you want it	steak.png	Steak
\.


--
-- Data for Name: purchase; Type: TABLE DATA; Schema: public; Owner: bcml
--

COPY public.purchase (id, tax_rate, coupon_id, customer_id, purchase_date, restaurant_id) FROM stdin;
1	0.073	\N	8	2022-10-05	\N
2	0.073	\N	7	2023-03-17	\N
3	0.073	\N	6	2022-10-19	\N
4	0.073	\N	3	2022-06-23	\N
5	0.073	\N	4	2022-03-22	\N
6	0.073	\N	10	2022-04-22	\N
7	0.073	\N	1	2022-06-20	\N
8	0.073	\N	7	2022-04-21	\N
9	0.073	\N	5	2023-03-04	\N
10	0.073	\N	4	2022-08-11	\N
11	0.073	\N	1	2022-05-07	\N
12	0.073	\N	8	2023-06-21	\N
13	0.073	\N	2	2023-08-22	\N
14	0.073	\N	2	2023-12-14	\N
15	0.073	\N	3	2023-03-15	\N
16	0.073	\N	5	2022-08-27	\N
17	0.073	\N	10	2022-06-13	\N
18	0.073	\N	5	2022-05-23	\N
19	0.073	\N	2	2023-11-11	\N
20	0.073	\N	3	2023-05-04	\N
21	0.073	\N	7	2022-11-06	\N
22	0.073	\N	5	2023-12-06	\N
23	0.073	\N	7	2023-12-24	\N
24	0.073	\N	3	2023-10-12	\N
25	0.073	\N	5	2023-05-09	\N
26	0.073	\N	1	2022-09-02	\N
27	0.073	\N	10	2022-02-03	\N
28	0.073	\N	1	2023-08-22	\N
29	0.073	\N	10	2022-08-18	\N
30	0.073	\N	6	2022-03-17	\N
31	0.073	\N	8	2023-08-08	\N
32	0.073	\N	8	2022-03-26	\N
33	0.073	\N	2	2023-06-04	\N
34	0.073	\N	7	2023-02-03	\N
35	0.073	\N	2	2022-06-23	\N
36	0.073	\N	2	2022-08-27	\N
37	0.073	\N	10	2023-10-06	\N
38	0.073	\N	10	2023-12-27	\N
39	0.073	\N	10	2022-02-26	\N
40	0.073	\N	9	2022-11-04	\N
41	0.073	\N	4	2023-03-07	\N
42	0.073	\N	1	2022-09-24	\N
43	0.073	\N	7	2023-08-06	\N
44	0.073	\N	10	2023-11-14	\N
\.


--
-- Data for Name: purchase_item; Type: TABLE DATA; Schema: public; Owner: bcml
--

COPY public.purchase_item (id, purchase_id, item_id, quantity, actualprice) FROM stdin;
191	2	1	3	$38.97
192	3	1	1	$12.99
193	16	1	3	$38.97
194	17	1	1	$12.99
195	30	1	3	$38.97
196	31	1	1	$12.99
197	43	1	1	$12.99
198	44	1	2	$25.98
199	1	2	2	$25.98
200	3	2	1	$8.50
201	5	2	5	$64.95
202	9	2	4	$34.00
203	15	2	2	$17.00
204	17	2	1	$8.50
205	19	2	5	$64.95
206	23	2	4	$34.00
207	29	2	2	$17.00
208	31	2	1	$8.50
209	33	2	5	$42.50
210	37	2	4	$51.96
211	43	2	1	$8.50
212	44	2	2	$25.98
213	3	3	1	$8.50
214	10	3	3	$25.50
215	17	3	1	$10.33
216	24	3	3	$30.99
217	31	3	1	$12.99
218	38	3	3	$25.50
219	43	3	1	$10.33
220	44	3	2	$20.66
221	2	4	2	$25.98
222	8	4	1	$8.50
223	11	4	1	$10.33
224	14	4	1	$12.99
225	16	4	2	$25.98
226	22	4	1	$12.99
227	25	4	1	$10.33
228	28	4	1	$12.99
229	30	4	2	$17.00
230	36	4	1	$10.33
231	39	4	1	$5.60
232	42	4	1	$10.33
233	4	5	2	$25.98
234	18	5	2	$10.90
235	32	5	2	$20.66
236	12	6	6	$77.94
237	13	6	5	$51.65
238	26	6	6	$33.60
239	27	6	5	$22.50
240	40	6	6	$51.00
241	41	6	5	$28.00
242	2	7	1	$12.99
243	6	7	5	$27.25
244	8	7	1	$12.99
245	11	7	1	$12.99
246	14	7	1	$4.50
247	16	7	1	$8.50
248	20	7	5	$42.50
249	22	7	1	$5.45
250	25	7	1	$5.60
251	28	7	1	$5.45
252	30	7	1	$8.50
253	34	7	5	$27.25
254	36	7	1	$8.50
255	39	7	1	$5.60
256	42	7	1	$10.33
257	3	8	1	$9.99
258	17	8	1	$4.75
259	31	8	1	$5.45
260	43	8	1	$4.50
261	44	8	2	$10.90
262	3	9	3	$13.50
263	17	9	3	$29.97
264	31	9	3	$19.98
265	43	9	1	$4.75
266	44	9	2	$13.32
267	7	10	2	$9.00
268	13	10	3	$19.98
269	21	10	2	$19.98
270	27	10	3	$16.35
271	35	10	2	$9.00
272	41	10	3	$19.98
273	1	11	1	$4.50
274	5	11	2	$13.32
275	15	11	1	$4.75
276	19	11	2	$17.00
277	29	11	1	$2.50
278	33	11	2	$11.20
279	43	11	1	$2.35
280	44	11	2	$9.00
281	5	12	1	$4.75
282	6	12	5	$23.75
283	7	12	2	$9.50
284	19	12	1	$2.50
285	20	12	5	$51.65
286	21	12	2	$17.00
287	33	12	1	$2.50
288	34	12	5	$51.65
289	35	12	2	$17.00
\.


--
-- Data for Name: purchase_transaction; Type: TABLE DATA; Schema: public; Owner: bcml
--

COPY public.purchase_transaction (id, purchase_id, got_paid, credit_card_number, amount_paid) FROM stdin;
1	44	t	7849141525      	$227.13
2	1	t	2658659887      	$60.58
3	2	t	7246530588      	$195.14
4	3	t	7418230102      	$86.36
5	4	t	8807980277      	$55.75
6	5	t	6361393019      	$382.14
7	6	t	4585047232      	$273.62
8	7	t	9832518289      	$39.70
9	8	t	4452335933      	$23.06
10	9	t	5297255195      	$145.93
11	10	t	8168098829      	$82.08
12	11	t	8715779192      	$25.02
13	12	t	6599721677      	$501.78
14	13	t	9094418427      	$341.42
15	14	t	6761675007      	$18.77
16	15	t	5198819617      	$41.58
17	16	t	5757663031      	$190.32
18	17	t	5472114364      	$135.71
19	18	t	8204236547      	$23.39
20	19	t	4349297460      	$387.62
21	20	t	1023071174      	$505.11
22	21	t	4194485943      	$79.36
23	22	t	1010022468      	$19.79
24	23	t	4904613421      	$145.93
25	24	t	7211370689      	$99.76
26	25	t	5504278325      	$17.09
27	26	t	3518241747      	$216.32
28	27	t	4513672807      	$173.34
29	28	t	2702658887      	$19.79
30	29	t	7282535026      	$39.16
31	30	t	1537604059      	$171.05
32	31	t	7158051852      	$107.16
33	32	t	4470597036      	$44.34
34	33	t	9675316319      	$254.73
35	34	t	6194228868      	$423.30
36	35	t	6900533960      	$55.80
37	36	t	9480237686      	$20.20
38	37	t	6247428148      	$223.01
39	38	t	6538909055      	$82.08
40	39	t	2020353028      	$12.02
41	40	t	6666527094      	$328.34
42	41	t	9447812580      	$214.54
43	42	t	1626300679      	$22.17
44	43	t	6013384920      	$46.59
\.


--
-- Data for Name: restaurant; Type: TABLE DATA; Schema: public; Owner: bcml
--

COPY public.restaurant (id, restaurant_name, country, state, city, address) FROM stdin;
1	Provo Center	United States	Utah	Provo	1245 South 400 East
2	Main	United States	California	New Port	23 North Main
3	Second Opening Place	United States	Nebraska	Lincoln	45 South 300 West
\.


--
-- Data for Name: restaurant_item; Type: TABLE DATA; Schema: public; Owner: bcml
--

COPY public.restaurant_item (id, item_id, restaurant_id, price) FROM stdin;
3	1	1	$12.99
4	1	2	$14.49
5	1	3	$12.24
6	2	1	$8.50
7	2	2	$10.00
8	2	3	$7.75
9	3	1	$10.33
10	3	2	$11.83
11	3	3	$9.58
12	4	1	$5.60
13	4	2	$7.10
14	4	3	$4.85
15	5	1	$5.45
16	5	2	$6.95
17	5	3	$4.70
18	6	1	$4.50
19	6	2	$6.00
20	6	3	$3.75
21	7	1	$4.75
22	7	2	$6.25
23	7	3	$4.00
24	8	1	$9.99
25	8	2	$11.49
26	8	3	$9.24
27	9	1	$6.66
28	9	2	$8.16
29	9	3	$5.91
30	10	1	$2.35
31	10	2	$3.85
32	10	3	$1.60
33	11	1	$2.50
34	11	2	$4.00
35	11	3	$1.75
36	12	1	$27.75
37	12	2	$29.25
38	12	3	$27.00
\.


--
-- Name: AspNetRoleClaims_Id_seq; Type: SEQUENCE SET; Schema: public; Owner: bcml
--

SELECT pg_catalog.setval('public."AspNetRoleClaims_Id_seq"', 1, false);


--
-- Name: AspNetUserClaims_Id_seq; Type: SEQUENCE SET; Schema: public; Owner: bcml
--

SELECT pg_catalog.setval('public."AspNetUserClaims_Id_seq"', 1, false);


--
-- Name: cart_id_seq; Type: SEQUENCE SET; Schema: public; Owner: bcml
--

SELECT pg_catalog.setval('public.cart_id_seq', 1, false);


--
-- Name: cart_item_id_seq; Type: SEQUENCE SET; Schema: public; Owner: bcml
--

SELECT pg_catalog.setval('public.cart_item_id_seq', 1, false);


--
-- Name: coupon_id_seq; Type: SEQUENCE SET; Schema: public; Owner: bcml
--

SELECT pg_catalog.setval('public.coupon_id_seq', 12, true);


--
-- Name: customer_id_seq; Type: SEQUENCE SET; Schema: public; Owner: bcml
--

SELECT pg_catalog.setval('public.customer_id_seq', 10, true);


--
-- Name: favorite_item_id_seq; Type: SEQUENCE SET; Schema: public; Owner: bcml
--

SELECT pg_catalog.setval('public.favorite_item_id_seq', 10, true);


--
-- Name: item_id_seq; Type: SEQUENCE SET; Schema: public; Owner: bcml
--

SELECT pg_catalog.setval('public.item_id_seq', 12, true);


--
-- Name: purchase_id_seq; Type: SEQUENCE SET; Schema: public; Owner: bcml
--

SELECT pg_catalog.setval('public.purchase_id_seq', 44, true);


--
-- Name: purchase_item_id_seq; Type: SEQUENCE SET; Schema: public; Owner: bcml
--

SELECT pg_catalog.setval('public.purchase_item_id_seq', 289, true);


--
-- Name: purchase_transaction_id_seq; Type: SEQUENCE SET; Schema: public; Owner: bcml
--

SELECT pg_catalog.setval('public.purchase_transaction_id_seq', 44, true);


--
-- Name: restaurant_id_seq; Type: SEQUENCE SET; Schema: public; Owner: bcml
--

SELECT pg_catalog.setval('public.restaurant_id_seq', 3, true);


--
-- Name: restaurant_item_id_seq; Type: SEQUENCE SET; Schema: public; Owner: bcml
--

SELECT pg_catalog.setval('public.restaurant_item_id_seq', 38, true);


--
-- Name: AspNetRoleClaims PK_AspNetRoleClaims; Type: CONSTRAINT; Schema: public; Owner: bcml
--

ALTER TABLE ONLY public."AspNetRoleClaims"
    ADD CONSTRAINT "PK_AspNetRoleClaims" PRIMARY KEY ("Id");


--
-- Name: AspNetRoles PK_AspNetRoles; Type: CONSTRAINT; Schema: public; Owner: bcml
--

ALTER TABLE ONLY public."AspNetRoles"
    ADD CONSTRAINT "PK_AspNetRoles" PRIMARY KEY ("Id");


--
-- Name: AspNetUserClaims PK_AspNetUserClaims; Type: CONSTRAINT; Schema: public; Owner: bcml
--

ALTER TABLE ONLY public."AspNetUserClaims"
    ADD CONSTRAINT "PK_AspNetUserClaims" PRIMARY KEY ("Id");


--
-- Name: AspNetUserLogins PK_AspNetUserLogins; Type: CONSTRAINT; Schema: public; Owner: bcml
--

ALTER TABLE ONLY public."AspNetUserLogins"
    ADD CONSTRAINT "PK_AspNetUserLogins" PRIMARY KEY ("LoginProvider", "ProviderKey");


--
-- Name: AspNetUserRoles PK_AspNetUserRoles; Type: CONSTRAINT; Schema: public; Owner: bcml
--

ALTER TABLE ONLY public."AspNetUserRoles"
    ADD CONSTRAINT "PK_AspNetUserRoles" PRIMARY KEY ("UserId", "RoleId");


--
-- Name: AspNetUserTokens PK_AspNetUserTokens; Type: CONSTRAINT; Schema: public; Owner: bcml
--

ALTER TABLE ONLY public."AspNetUserTokens"
    ADD CONSTRAINT "PK_AspNetUserTokens" PRIMARY KEY ("UserId", "LoginProvider", "Name");


--
-- Name: AspNetUsers PK_AspNetUsers; Type: CONSTRAINT; Schema: public; Owner: bcml
--

ALTER TABLE ONLY public."AspNetUsers"
    ADD CONSTRAINT "PK_AspNetUsers" PRIMARY KEY ("Id");


--
-- Name: __EFMigrationsHistory PK___EFMigrationsHistory; Type: CONSTRAINT; Schema: public; Owner: bcml
--

ALTER TABLE ONLY public."__EFMigrationsHistory"
    ADD CONSTRAINT "PK___EFMigrationsHistory" PRIMARY KEY ("MigrationId");


--
-- Name: cart_item cart_item_pkey; Type: CONSTRAINT; Schema: public; Owner: bcml
--

ALTER TABLE ONLY public.cart_item
    ADD CONSTRAINT cart_item_pkey PRIMARY KEY (id);


--
-- Name: cart cart_pkey; Type: CONSTRAINT; Schema: public; Owner: bcml
--

ALTER TABLE ONLY public.cart
    ADD CONSTRAINT cart_pkey PRIMARY KEY (id);


--
-- Name: coupon coupon_pkey; Type: CONSTRAINT; Schema: public; Owner: bcml
--

ALTER TABLE ONLY public.coupon
    ADD CONSTRAINT coupon_pkey PRIMARY KEY (id);


--
-- Name: customer customer_pkey; Type: CONSTRAINT; Schema: public; Owner: bcml
--

ALTER TABLE ONLY public.customer
    ADD CONSTRAINT customer_pkey PRIMARY KEY (id);


--
-- Name: favorite_item favorite_item_pkey; Type: CONSTRAINT; Schema: public; Owner: bcml
--

ALTER TABLE ONLY public.favorite_item
    ADD CONSTRAINT favorite_item_pkey PRIMARY KEY (id);


--
-- Name: item item_pkey; Type: CONSTRAINT; Schema: public; Owner: bcml
--

ALTER TABLE ONLY public.item
    ADD CONSTRAINT item_pkey PRIMARY KEY (id);


--
-- Name: purchase_item purchase_item_pkey; Type: CONSTRAINT; Schema: public; Owner: bcml
--

ALTER TABLE ONLY public.purchase_item
    ADD CONSTRAINT purchase_item_pkey PRIMARY KEY (id);


--
-- Name: purchase purchase_pkey; Type: CONSTRAINT; Schema: public; Owner: bcml
--

ALTER TABLE ONLY public.purchase
    ADD CONSTRAINT purchase_pkey PRIMARY KEY (id);


--
-- Name: purchase_transaction purchase_transaction_pkey; Type: CONSTRAINT; Schema: public; Owner: bcml
--

ALTER TABLE ONLY public.purchase_transaction
    ADD CONSTRAINT purchase_transaction_pkey PRIMARY KEY (id);


--
-- Name: restaurant_item restaurant_item_pkey; Type: CONSTRAINT; Schema: public; Owner: bcml
--

ALTER TABLE ONLY public.restaurant_item
    ADD CONSTRAINT restaurant_item_pkey PRIMARY KEY (id);


--
-- Name: restaurant restaurant_pkey; Type: CONSTRAINT; Schema: public; Owner: bcml
--

ALTER TABLE ONLY public.restaurant
    ADD CONSTRAINT restaurant_pkey PRIMARY KEY (id);


--
-- Name: EmailIndex; Type: INDEX; Schema: public; Owner: bcml
--

CREATE INDEX "EmailIndex" ON public."AspNetUsers" USING btree ("NormalizedEmail");


--
-- Name: IX_AspNetRoleClaims_RoleId; Type: INDEX; Schema: public; Owner: bcml
--

CREATE INDEX "IX_AspNetRoleClaims_RoleId" ON public."AspNetRoleClaims" USING btree ("RoleId");


--
-- Name: IX_AspNetUserClaims_UserId; Type: INDEX; Schema: public; Owner: bcml
--

CREATE INDEX "IX_AspNetUserClaims_UserId" ON public."AspNetUserClaims" USING btree ("UserId");


--
-- Name: IX_AspNetUserLogins_UserId; Type: INDEX; Schema: public; Owner: bcml
--

CREATE INDEX "IX_AspNetUserLogins_UserId" ON public."AspNetUserLogins" USING btree ("UserId");


--
-- Name: IX_AspNetUserRoles_RoleId; Type: INDEX; Schema: public; Owner: bcml
--

CREATE INDEX "IX_AspNetUserRoles_RoleId" ON public."AspNetUserRoles" USING btree ("RoleId");


--
-- Name: RoleNameIndex; Type: INDEX; Schema: public; Owner: bcml
--

CREATE UNIQUE INDEX "RoleNameIndex" ON public."AspNetRoles" USING btree ("NormalizedName");


--
-- Name: UserNameIndex; Type: INDEX; Schema: public; Owner: bcml
--

CREATE UNIQUE INDEX "UserNameIndex" ON public."AspNetUsers" USING btree ("NormalizedUserName");


--
-- Name: AspNetRoleClaims FK_AspNetRoleClaims_AspNetRoles_RoleId; Type: FK CONSTRAINT; Schema: public; Owner: bcml
--

ALTER TABLE ONLY public."AspNetRoleClaims"
    ADD CONSTRAINT "FK_AspNetRoleClaims_AspNetRoles_RoleId" FOREIGN KEY ("RoleId") REFERENCES public."AspNetRoles"("Id") ON DELETE CASCADE;


--
-- Name: AspNetUserClaims FK_AspNetUserClaims_AspNetUsers_UserId; Type: FK CONSTRAINT; Schema: public; Owner: bcml
--

ALTER TABLE ONLY public."AspNetUserClaims"
    ADD CONSTRAINT "FK_AspNetUserClaims_AspNetUsers_UserId" FOREIGN KEY ("UserId") REFERENCES public."AspNetUsers"("Id") ON DELETE CASCADE;


--
-- Name: AspNetUserLogins FK_AspNetUserLogins_AspNetUsers_UserId; Type: FK CONSTRAINT; Schema: public; Owner: bcml
--

ALTER TABLE ONLY public."AspNetUserLogins"
    ADD CONSTRAINT "FK_AspNetUserLogins_AspNetUsers_UserId" FOREIGN KEY ("UserId") REFERENCES public."AspNetUsers"("Id") ON DELETE CASCADE;


--
-- Name: AspNetUserRoles FK_AspNetUserRoles_AspNetRoles_RoleId; Type: FK CONSTRAINT; Schema: public; Owner: bcml
--

ALTER TABLE ONLY public."AspNetUserRoles"
    ADD CONSTRAINT "FK_AspNetUserRoles_AspNetRoles_RoleId" FOREIGN KEY ("RoleId") REFERENCES public."AspNetRoles"("Id") ON DELETE CASCADE;


--
-- Name: AspNetUserRoles FK_AspNetUserRoles_AspNetUsers_UserId; Type: FK CONSTRAINT; Schema: public; Owner: bcml
--

ALTER TABLE ONLY public."AspNetUserRoles"
    ADD CONSTRAINT "FK_AspNetUserRoles_AspNetUsers_UserId" FOREIGN KEY ("UserId") REFERENCES public."AspNetUsers"("Id") ON DELETE CASCADE;


--
-- Name: AspNetUserTokens FK_AspNetUserTokens_AspNetUsers_UserId; Type: FK CONSTRAINT; Schema: public; Owner: bcml
--

ALTER TABLE ONLY public."AspNetUserTokens"
    ADD CONSTRAINT "FK_AspNetUserTokens_AspNetUsers_UserId" FOREIGN KEY ("UserId") REFERENCES public."AspNetUsers"("Id") ON DELETE CASCADE;


--
-- Name: cart cart_customer_id_fkey; Type: FK CONSTRAINT; Schema: public; Owner: bcml
--

ALTER TABLE ONLY public.cart
    ADD CONSTRAINT cart_customer_id_fkey FOREIGN KEY (customer_id) REFERENCES public.customer(id);


--
-- Name: cart_item cart_item_cart_id_fkey; Type: FK CONSTRAINT; Schema: public; Owner: bcml
--

ALTER TABLE ONLY public.cart_item
    ADD CONSTRAINT cart_item_cart_id_fkey FOREIGN KEY (cart_id) REFERENCES public.cart(id);


--
-- Name: cart_item cart_item_item_id_fkey; Type: FK CONSTRAINT; Schema: public; Owner: bcml
--

ALTER TABLE ONLY public.cart_item
    ADD CONSTRAINT cart_item_item_id_fkey FOREIGN KEY (item_id) REFERENCES public.item(id);


--
-- Name: cart cart_restaurant_id_fkey; Type: FK CONSTRAINT; Schema: public; Owner: bcml
--

ALTER TABLE ONLY public.cart
    ADD CONSTRAINT cart_restaurant_id_fkey FOREIGN KEY (restaurant_id) REFERENCES public.restaurant(id);


--
-- Name: favorite_item favorite_item_customer_id_fkey; Type: FK CONSTRAINT; Schema: public; Owner: bcml
--

ALTER TABLE ONLY public.favorite_item
    ADD CONSTRAINT favorite_item_customer_id_fkey FOREIGN KEY (customer_id) REFERENCES public.customer(id);


--
-- Name: favorite_item favorite_item_item_id_fkey; Type: FK CONSTRAINT; Schema: public; Owner: bcml
--

ALTER TABLE ONLY public.favorite_item
    ADD CONSTRAINT favorite_item_item_id_fkey FOREIGN KEY (item_id) REFERENCES public.item(id);


--
-- Name: customer fk_customer_user_id; Type: FK CONSTRAINT; Schema: public; Owner: bcml
--

ALTER TABLE ONLY public.customer
    ADD CONSTRAINT fk_customer_user_id FOREIGN KEY (user_id) REFERENCES public."AspNetUsers"("Id");


--
-- Name: purchase fkcustomer; Type: FK CONSTRAINT; Schema: public; Owner: bcml
--

ALTER TABLE ONLY public.purchase
    ADD CONSTRAINT fkcustomer FOREIGN KEY (customer_id) REFERENCES public.customer(id);


--
-- Name: purchase fkrestaurant; Type: FK CONSTRAINT; Schema: public; Owner: bcml
--

ALTER TABLE ONLY public.purchase
    ADD CONSTRAINT fkrestaurant FOREIGN KEY (restaurant_id) REFERENCES public.restaurant(id);


--
-- Name: purchase purchase_coupon_id_fkey; Type: FK CONSTRAINT; Schema: public; Owner: bcml
--

ALTER TABLE ONLY public.purchase
    ADD CONSTRAINT purchase_coupon_id_fkey FOREIGN KEY (coupon_id) REFERENCES public.coupon(id);


--
-- Name: purchase_item purchase_item_item_id_fkey; Type: FK CONSTRAINT; Schema: public; Owner: bcml
--

ALTER TABLE ONLY public.purchase_item
    ADD CONSTRAINT purchase_item_item_id_fkey FOREIGN KEY (item_id) REFERENCES public.item(id);


--
-- Name: purchase_item purchase_item_purchase_id_fkey; Type: FK CONSTRAINT; Schema: public; Owner: bcml
--

ALTER TABLE ONLY public.purchase_item
    ADD CONSTRAINT purchase_item_purchase_id_fkey FOREIGN KEY (purchase_id) REFERENCES public.purchase(id);


--
-- Name: purchase_transaction purchase_transaction_purchase_id_fkey; Type: FK CONSTRAINT; Schema: public; Owner: bcml
--

ALTER TABLE ONLY public.purchase_transaction
    ADD CONSTRAINT purchase_transaction_purchase_id_fkey FOREIGN KEY (purchase_id) REFERENCES public.purchase(id);


--
-- Name: restaurant_item restaurant_item_item_id_fkey; Type: FK CONSTRAINT; Schema: public; Owner: bcml
--

ALTER TABLE ONLY public.restaurant_item
    ADD CONSTRAINT restaurant_item_item_id_fkey FOREIGN KEY (item_id) REFERENCES public.item(id);


--
-- Name: restaurant_item restaurant_item_restaurant_id_fkey; Type: FK CONSTRAINT; Schema: public; Owner: bcml
--

ALTER TABLE ONLY public.restaurant_item
    ADD CONSTRAINT restaurant_item_restaurant_id_fkey FOREIGN KEY (restaurant_id) REFERENCES public.restaurant(id);


--
-- PostgreSQL database dump complete
--

